Roofing,Shingle
Roofing,Standing Seam Metal
Roofing,Spanish Tile
Flooring,Wood
Flooring,Concrete
Flooring,Tile
Exterior Wall Finishes,Cement Plaster
Exterior Wall Finishes,Wood Siding
Exterior Wall Finishes,Board + Batten
Exterior Wall Finishes,Aluminum Panels
Exterior Wall Finishes,Brick Veneer
Door + Window Styles,Contemporary Metal Storefront
Door + Window Styles,Classic Wood Trim + Molds
Appliances,Washer
Appliances,Dryer
Built-In Furniture,Closet
Built-In Furniture,Shelves
Built-In Furniture,Drawers
Built-In Furniture,Desk